table_name,company_id,year,record_count,duplicate_type,action
profitandloss,ADANIPORTS,Mar 2013,2,EXACT_DUPLICATE,REMOVE_REDUNDANT_ROWS
profitandloss,ADANIPORTS,Mar 2014,2,EXACT_DUPLICATE,REMOVE_REDUNDANT_ROWS
profitandloss,ADANIPORTS,Mar 2015,2,EXACT_DUPLICATE,REMOVE_REDUNDANT_ROWS
profitandloss,ADANIPORTS,Mar 2016,2,EXACT_DUPLICATE,REMOVE_REDUNDANT_ROWS
profitandloss,ADANIPORTS,Mar 2017,2,EXACT_DUPLICATE,REMOVE_REDUNDANT_ROWS
profitandloss,ADANIPORTS,Mar 2018,2,EXACT_DUPLICATE,REMOVE_REDUNDANT_ROWS
profitandloss,ADANIPORTS,Mar 2019,2,EXACT_DUPLICATE,REMOVE_REDUNDANT_ROWS
profitandloss,ADANIPORTS,Mar 2020,2,EXACT_DUPLICATE,REMOVE_REDUNDANT_ROWS
profitandloss,ADANIPORTS,Mar 2021,2,EXACT_DUPLICATE,REMOVE_REDUNDANT_ROWS
profitandloss,ADANIPORTS,Mar 2022,2,EXACT_DUPLICATE,REMOVE_REDUNDANT_ROWS
profitandloss,ADANIPORTS,Mar 2023,2,EXACT_DUPLICATE,REMOVE_REDUNDANT_ROWS
profitandloss,ADANIPORTS,Mar 2024,2,EXACT_DUPLICATE,REMOVE_REDUNDANT_ROWS
profitandloss,ADANIPORTS,TTM,2,EXACT_DUPLICATE,REMOVE_REDUNDANT_ROWS
balancesheet,ASIANPAINT,Mar 2013,2,EXACT_DUPLICATE,REMOVE_REDUNDANT_ROWS
balancesheet,ASIANPAINT,Mar 2014,2,EXACT_DUPLICATE,REMOVE_REDUNDANT_ROWS
balancesheet,ASIANPAINT,Mar 2015,2,EXACT_DUPLICATE,REMOVE_REDUNDANT_ROWS
balancesheet,ASIANPAINT,Mar 2016,2,EXACT_DUPLICATE,REMOVE_REDUNDANT_ROWS
balancesheet,ASIANPAINT,Mar 2017,2,EXACT_DUPLICATE,REMOVE_REDUNDANT_ROWS
balancesheet,ASIANPAINT,Mar 2018,2,EXACT_DUPLICATE,REMOVE_REDUNDANT_ROWS
balancesheet,ASIANPAINT,Mar 2019,2,EXACT_DUPLICATE,REMOVE_REDUNDANT_ROWS
balancesheet,ASIANPAINT,Mar 2020,2,EXACT_DUPLICATE,REMOVE_REDUNDANT_ROWS
balancesheet,ASIANPAINT,Mar 2021,2,EXACT_DUPLICATE,REMOVE_REDUNDANT_ROWS
balancesheet,ASIANPAINT,Mar 2022,2,EXACT_DUPLICATE,REMOVE_REDUNDANT_ROWS
balancesheet,ASIANPAINT,Mar 2023,2,EXACT_DUPLICATE,REMOVE_REDUNDANT_ROWS
balancesheet,ASIANPAINT,Mar 2024,2,EXACT_DUPLICATE,REMOVE_REDUNDANT_ROWS
balancesheet,ASIANPAINT,Sep 2024,2,EXACT_DUPLICATE,REMOVE_REDUNDANT_ROWS
balancesheet,PNB,Mar 2013,5,EXACT_DUPLICATE,REMOVE_REDUNDANT_ROWS
balancesheet,PNB,Mar 2014,5,EXACT_DUPLICATE,REMOVE_REDUNDANT_ROWS
balancesheet,PNB,Mar 2015,5,EXACT_DUPLICATE,REMOVE_REDUNDANT_ROWS
balancesheet,PNB,Mar 2016,5,EXACT_DUPLICATE,REMOVE_REDUNDANT_ROWS
balancesheet,PNB,Mar 2017,5,EXACT_DUPLICATE,REMOVE_REDUNDANT_ROWS
balancesheet,PNB,Mar 2018,5,EXACT_DUPLICATE,REMOVE_REDUNDANT_ROWS
balancesheet,PNB,Mar 2019,5,EXACT_DUPLICATE,REMOVE_REDUNDANT_ROWS
balancesheet,PNB,Mar 2020,5,EXACT_DUPLICATE,REMOVE_REDUNDANT_ROWS
balancesheet,PNB,Mar 2021,5,EXACT_DUPLICATE,REMOVE_REDUNDANT_ROWS
balancesheet,PNB,Mar 2022,5,EXACT_DUPLICATE,REMOVE_REDUNDANT_ROWS
balancesheet,PNB,Mar 2023,5,EXACT_DUPLICATE,REMOVE_REDUNDANT_ROWS
balancesheet,PNB,Mar 2024,5,EXACT_DUPLICATE,REMOVE_REDUNDANT_ROWS
balancesheet,POWERGRID,Mar 2013,2,EXACT_DUPLICATE,REMOVE_REDUNDANT_ROWS
balancesheet,POWERGRID,Mar 2014,2,EXACT_DUPLICATE,REMOVE_REDUNDANT_ROWS
balancesheet,POWERGRID,Mar 2015,2,EXACT_DUPLICATE,REMOVE_REDUNDANT_ROWS
balancesheet,POWERGRID,Mar 2016,2,EXACT_DUPLICATE,REMOVE_REDUNDANT_ROWS
balancesheet,POWERGRID,Mar 2017,2,EXACT_DUPLICATE,REMOVE_REDUNDANT_ROWS
balancesheet,POWERGRID,Mar 2018,2,EXACT_DUPLICATE,REMOVE_REDUNDANT_ROWS
balancesheet,POWERGRID,Mar 2019,2,EXACT_DUPLICATE,REMOVE_REDUNDANT_ROWS
balancesheet,POWERGRID,Mar 2020,2,EXACT_DUPLICATE,REMOVE_REDUNDANT_ROWS
balancesheet,POWERGRID,Mar 2021,2,EXACT_DUPLICATE,REMOVE_REDUNDANT_ROWS
balancesheet,POWERGRID,Mar 2022,2,EXACT_DUPLICATE,REMOVE_REDUNDANT_ROWS
balancesheet,POWERGRID,Mar 2023,2,EXACT_DUPLICATE,REMOVE_REDUNDANT_ROWS
balancesheet,POWERGRID,Mar 2024,2,EXACT_DUPLICATE,REMOVE_REDUNDANT_ROWS
balancesheet,POWERGRID,Sep 2024,2,EXACT_DUPLICATE,REMOVE_REDUNDANT_ROWS
balancesheet,TECHM,Mar 2013,2,EXACT_DUPLICATE,REMOVE_REDUNDANT_ROWS
balancesheet,TECHM,Mar 2014,2,EXACT_DUPLICATE,REMOVE_REDUNDANT_ROWS
balancesheet,TECHM,Mar 2015,2,EXACT_DUPLICATE,REMOVE_REDUNDANT_ROWS
balancesheet,TECHM,Mar 2016,2,EXACT_DUPLICATE,REMOVE_REDUNDANT_ROWS
balancesheet,TECHM,Mar 2017,2,EXACT_DUPLICATE,REMOVE_REDUNDANT_ROWS
balancesheet,TECHM,Mar 2018,2,EXACT_DUPLICATE,REMOVE_REDUNDANT_ROWS
balancesheet,TECHM,Mar 2019,2,EXACT_DUPLICATE,REMOVE_REDUNDANT_ROWS
balancesheet,TECHM,Mar 2020,2,EXACT_DUPLICATE,REMOVE_REDUNDANT_ROWS
balancesheet,TECHM,Mar 2021,2,EXACT_DUPLICATE,REMOVE_REDUNDANT_ROWS
balancesheet,TECHM,Mar 2022,2,EXACT_DUPLICATE,REMOVE_REDUNDANT_ROWS
balancesheet,TECHM,Mar 2023,2,EXACT_DUPLICATE,REMOVE_REDUNDANT_ROWS
balancesheet,TECHM,Mar 2024,2,EXACT_DUPLICATE,REMOVE_REDUNDANT_ROWS
balancesheet,TECHM,Sep 2024,2,EXACT_DUPLICATE,REMOVE_REDUNDANT_ROWS
financial_ratios,ABB,Mar 2014,2,SOURCE_CONFLICT,PRESERVE_AND_FLAG
financial_ratios,ABB,Mar 2015,2,SOURCE_CONFLICT,PRESERVE_AND_FLAG
financial_ratios,ABB,Mar 2016,2,SOURCE_CONFLICT,PRESERVE_AND_FLAG
financial_ratios,ABB,Mar 2017,2,SOURCE_CONFLICT,PRESERVE_AND_FLAG
financial_ratios,ABB,Mar 2018,2,SOURCE_CONFLICT,PRESERVE_AND_FLAG
financial_ratios,ABB,Mar 2019,2,SOURCE_CONFLICT,PRESERVE_AND_FLAG
financial_ratios,ABB,Mar 2020,2,SOURCE_CONFLICT,PRESERVE_AND_FLAG
financial_ratios,ABB,Mar 2021,2,SOURCE_CONFLICT,PRESERVE_AND_FLAG
financial_ratios,ABB,Mar 2022,2,SOURCE_CONFLICT,PRESERVE_AND_FLAG
financial_ratios,ABB,Mar 2023,2,SOURCE_CONFLICT,PRESERVE_AND_FLAG
financial_ratios,ABB,Mar 2024,2,SOURCE_CONFLICT,PRESERVE_AND_FLAG
financial_ratios,ADANIPORTS,Mar 2013,2,EXACT_DUPLICATE,REMOVE_REDUNDANT_ROWS
financial_ratios,ADANIPORTS,Mar 2014,2,EXACT_DUPLICATE,REMOVE_REDUNDANT_ROWS
financial_ratios,ADANIPORTS,Mar 2015,2,EXACT_DUPLICATE,REMOVE_REDUNDANT_ROWS
financial_ratios,ADANIPORTS,Mar 2016,2,EXACT_DUPLICATE,REMOVE_REDUNDANT_ROWS
financial_ratios,ADANIPORTS,Mar 2017,2,EXACT_DUPLICATE,REMOVE_REDUNDANT_ROWS
financial_ratios,ADANIPORTS,Mar 2018,2,EXACT_DUPLICATE,REMOVE_REDUNDANT_ROWS
financial_ratios,ADANIPORTS,Mar 2019,2,EXACT_DUPLICATE,REMOVE_REDUNDANT_ROWS
financial_ratios,ADANIPORTS,Mar 2020,2,EXACT_DUPLICATE,REMOVE_REDUNDANT_ROWS
financial_ratios,ADANIPORTS,Mar 2021,2,EXACT_DUPLICATE,REMOVE_REDUNDANT_ROWS
financial_ratios,ADANIPORTS,Mar 2022,2,EXACT_DUPLICATE,REMOVE_REDUNDANT_ROWS
financial_ratios,ADANIPORTS,Mar 2023,2,EXACT_DUPLICATE,REMOVE_REDUNDANT_ROWS
financial_ratios,ADANIPORTS,Mar 2024,2,EXACT_DUPLICATE,REMOVE_REDUNDANT_ROWS
financial_ratios,ASIANPAINT,Mar 2013,2,EXACT_DUPLICATE,REMOVE_REDUNDANT_ROWS
financial_ratios,ASIANPAINT,Mar 2014,2,EXACT_DUPLICATE,REMOVE_REDUNDANT_ROWS
financial_ratios,ASIANPAINT,Mar 2015,2,EXACT_DUPLICATE,REMOVE_REDUNDANT_ROWS
financial_ratios,ASIANPAINT,Mar 2016,2,EXACT_DUPLICATE,REMOVE_REDUNDANT_ROWS
financial_ratios,ASIANPAINT,Mar 2017,2,EXACT_DUPLICATE,REMOVE_REDUNDANT_ROWS
financial_ratios,ASIANPAINT,Mar 2018,2,EXACT_DUPLICATE,REMOVE_REDUNDANT_ROWS
financial_ratios,ASIANPAINT,Mar 2019,2,EXACT_DUPLICATE,REMOVE_REDUNDANT_ROWS
financial_ratios,ASIANPAINT,Mar 2020,2,EXACT_DUPLICATE,REMOVE_REDUNDANT_ROWS
financial_ratios,ASIANPAINT,Mar 2021,2,EXACT_DUPLICATE,REMOVE_REDUNDANT_ROWS
financial_ratios,ASIANPAINT,Mar 2022,2,EXACT_DUPLICATE,REMOVE_REDUNDANT_ROWS
financial_ratios,ASIANPAINT,Mar 2023,2,EXACT_DUPLICATE,REMOVE_REDUNDANT_ROWS
financial_ratios,ASIANPAINT,Mar 2024,2,EXACT_DUPLICATE,REMOVE_REDUNDANT_ROWS
financial_ratios,BAJAJ-AUTO,Mar 2013,2,EXACT_DUPLICATE,REMOVE_REDUNDANT_ROWS
financial_ratios,BAJAJ-AUTO,Mar 2014,2,EXACT_DUPLICATE,REMOVE_REDUNDANT_ROWS
financial_ratios,BAJAJ-AUTO,Mar 2015,2,EXACT_DUPLICATE,REMOVE_REDUNDANT_ROWS
financial_ratios,BAJAJ-AUTO,Mar 2016,2,EXACT_DUPLICATE,REMOVE_REDUNDANT_ROWS
financial_ratios,BAJAJ-AUTO,Mar 2017,2,EXACT_DUPLICATE,REMOVE_REDUNDANT_ROWS
financial_ratios,BAJAJ-AUTO,Mar 2018,2,EXACT_DUPLICATE,REMOVE_REDUNDANT_ROWS
financial_ratios,BAJAJ-AUTO,Mar 2019,2,EXACT_DUPLICATE,REMOVE_REDUNDANT_ROWS
financial_ratios,BAJAJ-AUTO,Mar 2020,2,EXACT_DUPLICATE,REMOVE_REDUNDANT_ROWS
financial_ratios,BAJAJ-AUTO,Mar 2021,2,EXACT_DUPLICATE,REMOVE_REDUNDANT_ROWS
financial_ratios,BAJAJ-AUTO,Mar 2022,2,EXACT_DUPLICATE,REMOVE_REDUNDANT_ROWS
financial_ratios,BAJAJ-AUTO,Mar 2023,2,EXACT_DUPLICATE,REMOVE_REDUNDANT_ROWS
financial_ratios,BAJAJ-AUTO,Mar 2024,2,EXACT_DUPLICATE,REMOVE_REDUNDANT_ROWS
financial_ratios,PNB,Mar 2013,5,EXACT_DUPLICATE,REMOVE_REDUNDANT_ROWS
financial_ratios,PNB,Mar 2014,5,EXACT_DUPLICATE,REMOVE_REDUNDANT_ROWS
financial_ratios,PNB,Mar 2015,5,EXACT_DUPLICATE,REMOVE_REDUNDANT_ROWS
financial_ratios,PNB,Mar 2016,5,EXACT_DUPLICATE,REMOVE_REDUNDANT_ROWS
financial_ratios,PNB,Mar 2017,5,EXACT_DUPLICATE,REMOVE_REDUNDANT_ROWS
financial_ratios,PNB,Mar 2018,5,EXACT_DUPLICATE,REMOVE_REDUNDANT_ROWS
financial_ratios,PNB,Mar 2019,5,EXACT_DUPLICATE,REMOVE_REDUNDANT_ROWS
financial_ratios,PNB,Mar 2020,5,EXACT_DUPLICATE,REMOVE_REDUNDANT_ROWS
financial_ratios,PNB,Mar 2021,5,EXACT_DUPLICATE,REMOVE_REDUNDANT_ROWS
financial_ratios,PNB,Mar 2022,5,EXACT_DUPLICATE,REMOVE_REDUNDANT_ROWS
financial_ratios,PNB,Mar 2023,5,EXACT_DUPLICATE,REMOVE_REDUNDANT_ROWS
financial_ratios,PNB,Mar 2024,5,EXACT_DUPLICATE,REMOVE_REDUNDANT_ROWS
financial_ratios,POWERGRID,Mar 2013,2,EXACT_DUPLICATE,REMOVE_REDUNDANT_ROWS
financial_ratios,POWERGRID,Mar 2014,2,EXACT_DUPLICATE,REMOVE_REDUNDANT_ROWS
financial_ratios,POWERGRID,Mar 2015,2,EXACT_DUPLICATE,REMOVE_REDUNDANT_ROWS
financial_ratios,POWERGRID,Mar 2016,2,EXACT_DUPLICATE,REMOVE_REDUNDANT_ROWS
financial_ratios,POWERGRID,Mar 2017,2,EXACT_DUPLICATE,REMOVE_REDUNDANT_ROWS
financial_ratios,POWERGRID,Mar 2018,2,EXACT_DUPLICATE,REMOVE_REDUNDANT_ROWS
financial_ratios,POWERGRID,Mar 2019,2,EXACT_DUPLICATE,REMOVE_REDUNDANT_ROWS
financial_ratios,POWERGRID,Mar 2020,2,EXACT_DUPLICATE,REMOVE_REDUNDANT_ROWS
financial_ratios,POWERGRID,Mar 2021,2,EXACT_DUPLICATE,REMOVE_REDUNDANT_ROWS
financial_ratios,POWERGRID,Mar 2022,2,EXACT_DUPLICATE,REMOVE_REDUNDANT_ROWS
financial_ratios,POWERGRID,Mar 2023,2,EXACT_DUPLICATE,REMOVE_REDUNDANT_ROWS
financial_ratios,POWERGRID,Mar 2024,2,EXACT_DUPLICATE,REMOVE_REDUNDANT_ROWS
financial_ratios,TECHM,Mar 2013,2,EXACT_DUPLICATE,REMOVE_REDUNDANT_ROWS
financial_ratios,TECHM,Mar 2014,2,EXACT_DUPLICATE,REMOVE_REDUNDANT_ROWS
financial_ratios,TECHM,Mar 2015,2,EXACT_DUPLICATE,REMOVE_REDUNDANT_ROWS
financial_ratios,TECHM,Mar 2016,2,EXACT_DUPLICATE,REMOVE_REDUNDANT_ROWS
financial_ratios,TECHM,Mar 2017,2,EXACT_DUPLICATE,REMOVE_REDUNDANT_ROWS
financial_ratios,TECHM,Mar 2018,2,EXACT_DUPLICATE,REMOVE_REDUNDANT_ROWS
financial_ratios,TECHM,Mar 2019,2,EXACT_DUPLICATE,REMOVE_REDUNDANT_ROWS
financial_ratios,TECHM,Mar 2020,2,EXACT_DUPLICATE,REMOVE_REDUNDANT_ROWS
financial_ratios,TECHM,Mar 2021,2,EXACT_DUPLICATE,REMOVE_REDUNDANT_ROWS
financial_ratios,TECHM,Mar 2022,2,EXACT_DUPLICATE,REMOVE_REDUNDANT_ROWS
financial_ratios,TECHM,Mar 2023,2,EXACT_DUPLICATE,REMOVE_REDUNDANT_ROWS
financial_ratios,TECHM,Mar 2024,2,EXACT_DUPLICATE,REMOVE_REDUNDANT_ROWS
